313a31,000474727565090083a97a00be42ec11,-1
313a3130,000474727565090083a97a00be42ec11,-1
313a3131,000474727565090083a97a00be42ec11,-1
313a3132,000474727565090083a97a00be42ec11,-1
313a3133,000474727565090083a97a00be42ec11,-1
313a3134,000474727565090083a97a00be42ec11,-1
313a3135,000474727565090083a97a00be42ec11,-1
313a3136,000474727565090083a97a00be42ec11,-1
313a3137,000474727565090083a97a00be42ec11,-1
313a32,000474727565090083a97a00be42ec11,-1
313a33,000474727565090083a97a00be42ec11,-1
313a34,000474727565090083a97a00be42ec11,-1
313a35,000474727565090083a97a00be42ec11,-1
313a36,000474727565090083a97a00be42ec11,-1
313a37,000474727565090083a97a00be42ec11,-1
313a38,000474727565090083a97a00be42ec11,-1
313a39,000474727565090083a97a00be42ec11,-1
323a31,000474727565090083a97a00be42ec11,-1
323a3130,000566616c73650900a26f60d7ac3c1759,-1
323a3131,000566616c73650900a26f60d7ac3c1759,-1
323a3132,000566616c73650900a26f60d7ac3c1759,-1
323a3133,000566616c73650900a26f60d7ac3c1759,-1
323a3134,000566616c73650900a26f60d7ac3c1759,-1
323a3135,000566616c73650900a26f60d7ac3c1759,-1
323a3136,000566616c73650900a26f60d7ac3c1759,-1
323a3137,000566616c73650900a26f60d7ac3c1759,-1
323a32,000474727565090083a97a00be42ec11,-1
323a33,000474727565090083a97a00be42ec11,-1
323a34,000474727565090083a97a00be42ec11,-1
323a35,000566616c73650900a26f60d7ac3c1759,-1
323a36,000566616c73650900a26f60d7ac3c1759,-1
323a37,000566616c73650900a26f60d7ac3c1759,-1
323a38,000566616c73650900a26f60d7ac3c1759,-1
323a39,000566616c73650900a26f60d7ac3c1759,-1
333a31,000566616c73650900a26f60d7ac3c1759,-1
333a3130,000566616c73650900a26f60d7ac3c1759,-1
333a3131,000566616c73650900a26f60d7ac3c1759,-1
333a3132,000566616c73650900a26f60d7ac3c1759,-1
333a3133,000566616c73650900a26f60d7ac3c1759,-1
333a3134,000566616c73650900a26f60d7ac3c1759,-1
333a3135,000566616c73650900a26f60d7ac3c1759,-1
333a3136,000566616c73650900a26f60d7ac3c1759,-1
333a3137,000566616c73650900a26f60d7ac3c1759,-1
333a32,000566616c73650900a26f60d7ac3c1759,-1
333a33,000566616c73650900a26f60d7ac3c1759,-1
333a34,000566616c73650900a26f60d7ac3c1759,-1
333a35,000474727565090083a97a00be42ec11,-1
333a36,000474727565090083a97a00be42ec11,-1
333a37,000474727565090083a97a00be42ec11,-1
333a38,000474727565090083a97a00be42ec11,-1
333a39,000474727565090083a97a00be42ec11,-1
343a31,000566616c73650900a26f60d7ac3c1759,-1
343a3130,000566616c73650900a26f60d7ac3c1759,-1
343a3131,000566616c73650900a26f60d7ac3c1759,-1
343a3132,000566616c73650900a26f60d7ac3c1759,-1
343a3133,000566616c73650900a26f60d7ac3c1759,-1
343a3134,000566616c73650900a26f60d7ac3c1759,-1
343a3135,000566616c73650900a26f60d7ac3c1759,-1
343a3136,000566616c73650900a26f60d7ac3c1759,-1
343a3137,000566616c73650900a26f60d7ac3c1759,-1
343a32,000566616c73650900a26f60d7ac3c1759,-1
343a33,000566616c73650900a26f60d7ac3c1759,-1
343a34,000566616c73650900a26f60d7ac3c1759,-1
343a35,000566616c73650900a26f60d7ac3c1759,-1
343a36,000566616c73650900a26f60d7ac3c1759,-1
343a37,000566616c73650900a26f60d7ac3c1759,-1
343a38,000566616c73650900a26f60d7ac3c1759,-1
343a39,000566616c73650900a26f60d7ac3c1759,-1
44454c4554453a2f61646d696e2f7265736f75726365,00c00609001a0759a0fe7cbfd7,-1
4745543a2f61646d696e2f656d706c6f7965652f636f6e646974696f6e536561726368,00c00d090052e0e95321d3cd90,-1
4745543a2f61646d696e2f656d706c6f7965652f6c697374,00c00c0900ecd8a99d0882df64,-1
4745543a2f61646d696e2f7265736f757263652f636f6e646974696f6e536561726368,00c009090017b7518373fd6f3d,-1
4745543a2f61646d696e2f7265736f757263652f6c697374,00c0050900b3dd0eaad7a9d0e0,-1
4745543a2f61646d696e2f726f6c655065726d697373696f6e2f6c697374,00c00f09004502fe972157b053,-1
4745543a2f61646d696e2f757365722f636f6e646974696f6e536561726368,00c00e0900fb3abe590806a2a7,-1
4745543a2f61646d696e2f757365722f6c697374,00c0010900f68ab67a8587724d,-1
504f53543a2f61646d696e2f656d706c6f796565,00c00a0900be6d06895a28000a,-1
504f53543a2f61646d696e2f7265736f75726365,00c0080900a98f114d5aac7dc9,-1
504f53543a2f61646d696e2f726f6c655065726d697373696f6e2f616464,00c01009008ac9384741235a59,-1
504f53543a2f61646d696e2f75736572,00c00209005f50e170ac521d7a,-1
5055543a2f61646d696e2f656d706c6f796565,00c00b090000554647737912fe,-1
5055543a2f61646d696e2f7265736f75726365,00c0070900a43f196ed72dad23,-1
5055543a2f61646d696e2f726f6c655065726d697373696f6e2f64656c657465,00c011090034f17889687248ad,-1
5055543a2f61646d696e2f75736572,00c0030900e168a1be85030f8e,-1
5055543a2f61646d696e2f757365722f737461747573,00c00409000de54e64fef8c214,-1
61646d696e3a3838,0040845b22636f6d2e65617379617574682e646f6d61696e2e656e746974792e5573657244657461696c222c7b226964223a38382c22757365726e616d65223a2261646d696e313233222c22656d61696c223a223132334071712e636f6d222c22726f6c65734964223a5b226a6176612e7574696c2e41727261794c697374222c5b325d5d7d5d0900354725f08bfa8e12,-1
757365723a31,0040985b22636f6d2e65617379617574682e646f6d61696e2e656e746974792e5573657244657461696c222c7b226964223a312c22757365726e616d65223a2261646d696e222c22656d61696c223a22323530373534343232314071712e636f6d222c22726f6c65734964223a5b226a6176612e7574696c2e496d6d757461626c65436f6c6c656374696f6e73244c6973744e222c5b345d5d7d5d09006aaafb510cfd821e,1710311626173
757365723a35,0040895b22636f6d2e65617379617574682e646f6d61696e2e656e746974792e5573657244657461696c222c7b226964223a352c22757365726e616d65223a2278696e7969373737222c22656d61696c223a22222c22726f6c65734964223a5b226a6176612e7574696c2e496d6d757461626c65436f6c6c656374696f6e73244c6973744e222c5b5d5d7d5d090022e46c69a239c403,1710300287795
757365723a36,00409e5b22636f6d2e65617379617574682e646f6d61696e2e656e746974792e5573657244657461696c222c7b226964223a362c22757365726e616d65223a22656d61696c74657374363636222c22656d61696c223a22323933323038393735324071712e636f6d222c22726f6c65734964223a5b226a6176612e7574696c2e496d6d757461626c65436f6c6c656374696f6e73244c6973744e222c5b5d5d7d5d090067543dd25933b0ff,1710381189260
757365723a37,00409f5b22636f6d2e65617379617574682e646f6d61696e2e656e746974792e5573657244657461696c222c7b226964223a372c22757365726e616d65223a22656d61696c74657374363636222c22656d61696c223a22323933323038393735324071712e636f6d222c22726f6c65734964223a5b226a6176612e7574696c2e496d6d757461626c65436f6c6c656374696f6e73244c6973744e222c5b345d5d7d5d09002cfc45144b97fbd9,1710381724701
